Meter Consumption ID,Usage/Quantity,Cost ($),Start Date,End Date,Meter Name
1457394726,58233,3661.37,7/1/09,7/31/09,EL1
1457394727,282323,17949.02,8/1/09,8/31/09,EL1
1457394728,405601,23876.63,9/1/09,9/30/09,EL1
1457394729,387746,21179.26,10/1/09,10/31/09,EL1
1457394730,769449,38578.81,11/1/09,11/30/09,EL1
1457394731,109448,7305.06,12/1/09,12/31/09,EL1
1457394732,79997,4709.21,1/1/10,1/31/10,EL1
1457394733,295623,23907.27,2/1/10,2/28/10,EL1
1457394734,345094,19442.98,3/1/10,3/31/10,EL1
1457394735,433231,23955.68,4/1/10,4/30/10,EL1
1457394736,970260,62157.9,5/1/10,5/31/10,EL1
1457394737,199158,16536.32,6/1/10,6/30/10,EL1
1457394738,380602,54270.43,7/1/10,7/31/10,EL1
1457394739,528283,58136.17,8/1/10,8/31/10,EL1
1457394740,544528,49559.85,9/1/10,9/30/10,EL1
1457394741,794620,42214.71,10/1/10,10/31/10,EL1
1457394742,299902,16811.03,11/1/10,11/30/10,EL1
1457394743,95141,9588.39,12/1/10,12/31/10,EL1
1457394745,358548,30724.91,1/1/11,1/31/11,EL1
1457394746,214225,12900.8,2/1/11,2/28/11,EL1
1457394747,82480,5278.65,3/1/11,3/31/11,EL1
1457394748,384913,27104.15,4/1/11,4/30/11,EL1
1457394749,1116345,69905.52,5/1/11,5/31/11,EL1
1457394750,157495,19703.75,6/1/11,6/30/11,EL1
1457394751,417574,45482.16,7/1/11,7/31/11,EL1
1457394752,268993,20523.07,8/1/11,8/31/11,EL1
1457394753,944186,57897.23,9/1/11,9/30/11,EL1
1457394754,368945,19840.84,10/1/11,10/31/11,EL1
1457394755,537407,28729.68,11/1/11,11/30/11,EL1
1457394756,62353,2953.12,12/1/11,12/31/11,EL1
1457394757,551000,29049.99,1/1/12,1/31/12,EL1
1457394758,68599,2659.04,2/1/12,2/29/12,EL1
1457394759,118915,5566.9,3/1/12,3/31/12,EL1
1457394760,167247,5932.46,4/1/12,4/30/12,EL1
1457394761,1584146,75376.04,5/1/12,5/31/12,EL1
1457394762,333170,16933.41,6/1/12,6/30/12,EL1
1457394763,492453,41444.41,7/1/12,7/31/12,EL1
1457394764,386953,22562.73,8/1/12,8/31/12,EL1
1457394765,637070,36741.18,9/1/12,9/30/12,EL1
1457394766,460405,22247.61,10/1/12,10/31/12,EL1
1457394767,410422,23089.23,11/1/12,11/30/12,EL1
1457394768,951884,46780.59,12/1/12,12/31/12,EL1
1457394769,148969,6784.28,1/1/13,1/31/13,EL1
1457394770,189692,27694.48,2/1/13,2/28/13,EL1
1457394771,53767,2799.45,3/1/13,3/31/13,EL1
1457394772,222888,11848.07,4/1/13,4/30/13,EL1
1457394773,1108181,59754.39,5/1/13,5/31/13,EL1
1457394774,1081470,67621.03,6/1/13,6/30/13,EL1
1457394775,478902,43550.59,7/1/13,7/31/13,EL1
1457394776,326932,18939.58,8/1/13,8/31/13,EL1
1457394777,591944,37526.55,9/1/13,9/30/13,EL1
1457394778,371475,18783.54,10/1/13,10/31/13,EL1
1457394779,218128,10436.04,11/1/13,11/30/13,EL1
1457394780,168915,9638.21,12/1/13,12/31/13,EL1
1457394781,463828,143905.38,1/1/14,1/31/14,EL1
1457394782,491231,59294.71,2/1/14,2/28/14,EL1
1457394783,60755,5146.69,3/1/14,3/31/14,EL1
1457394784,1568672,88245.94,4/1/14,4/30/14,EL1
1457394785,1320681,67315.91,5/1/14,5/31/14,EL1
1457394786,1679543,82618.92,6/1/14,6/30/14,EL1
1703761301,470744,27595,7/1/14,7/31/14,EL1
1703761302,256023,13593,8/1/14,8/31/14,EL1
1703761303,663311,38508,9/1/14,9/30/14,EL1
1703761304,2218037,107684,10/1/14,10/31/14,EL1
1703761305,397659,19824,11/1/14,11/30/14,EL1
1703761306,108134,6289,12/1/14,12/31/14,EL1
1703761307,66896,4302,1/1/15,1/31/15,EL1
1703761308,432091,60478,2/1/15,2/28/15,EL1
1703761309,240500,19486,3/1/15,3/31/15,EL1
1703761310,399363,18878,4/1/15,4/30/15,EL1
1703761311,1000086,44566,5/1/15,5/31/15,EL1
1703761312,872315,27494,6/1/15,6/30/15,EL1
4246867058,597586,Not Available,7/1/15,8/28/15,EL1
2418852197,925821,129202.42,8/29/15,9/28/15,EL1
4246878436,3208249,Not Available,9/29/15,4/28/16,EL1
2418935783,787823,90289.98,4/29/16,5/27/16,EL1
4246892208,2851832,Not Available,5/28/16,8/26/16,EL1
2418935784,1009260,119040.23,8/27/16,9/27/16,EL1
2418935785,1447797,186143.75,9/27/16,10/26/16,EL1
2418935929,344638,59598.24,10/27/16,11/28/16,EL1
2418936095,1114284,102124.86,11/29/16,12/28/16,EL1
2418852198,2880371,186579.92,12/29/16,1/27/17,EL1
2418852199,3657128,222306.24,1/28/17,2/28/17,EL1
2418852200,1545370,132390.8,3/1/17,3/29/17,EL1
2418852201,301793,62263.29,3/30/17,4/28/17,EL1
2418852202,1329469,107692.11,4/29/17,5/30/17,EL1
2418852203,872186,97338.55,5/31/17,6/28/17,EL1
2418852204,521674,95640.11,6/29/17,7/28/17,EL1
2418852205,493327,82991.46,7/29/17,8/28/17,EL1
2418852206,1152599,134512.32,8/29/17,9/27/17,EL1
2418852207,614019,85841.24,9/28/17,10/26/17,EL1
2418852208,443815,77266.45,10/27/17,11/28/17,EL1
2418852209,244024,66263.79,11/29/17,12/27/17,EL1
2418852210,227562,103476.66,12/28/17,1/26/18,EL1
2418858292,327543,69682.19,1/27/18,2/27/18,EL1
2418858802,1395352,116430.18,2/28/18,3/28/18,EL1
2418858291,2701256,147823.35,3/29/18,4/27/18,EL1
2418860604,1636270,86438.8,4/28/18,5/29/18,EL1
2465836782,1087859,110666.48,5/30/18,6/27/18,EL1
2465840066,614833,83910.76,6/28/18,7/27/18,EL1
2467085387,760546,98016.19,7/28/18,8/27/18,EL1
2547720630,1898321,156469.06,8/28/18,9/26/18,EL1
2602744579,3427636,206774.03,9/27/18,10/23/18,EL1
2602822591,1807202,133424.01,10/24/18,11/27/18,EL1
2602975710,116506,57730.87,11/28/18,12/27/18,EL1
2641799081,9454,66858.54,12/28/18,1/28/19,EL1
2701910317,278158,85078.82,1/29/19,2/27/19,EL1
2790470177,162008,77767.29,2/28/19,3/28/19,EL1
2849140875,438928,84594.32,3/29/19,4/29/19,EL1
2939492150,1774635,118147.01,4/30/19,5/29/19,EL1
3077563602,770479,118522.84,5/30/19,6/27/19,EL1
3113803734,1483767,162321.68,6/28/19,7/29/19,EL1
3187400522,597586,113556.16,7/30/19,8/27/19,EL1
3289354971,710774,124349.42,8/28/19,9/26/19,EL1
3363311882,964363,107210.06,9/27/19,10/25/19,EL1
3428271298,602619,92454.82,10/26/19,11/25/19,EL1
3697877771,439271,60895.71,11/26/19,12/11/19,EL1
3697877772,2029,39773.49,12/12/19,12/27/19,EL1
3697944483,213665,66236.2,12/28/19,1/28/20,EL1
3890577593,127944,74402.19,1/29/20,2/27/20,EL1
4608728136,77848,72395.8,2/28/20,3/27/20,EL1
4608832023,1428436,121684.22,3/28/20,4/28/20,EL1
4609083654,2319373,153816.13,4/29/20,5/28/20,EL1
4609111055,3328946,229797.28,5/29/20,6/26/20,EL1
4610702994,4396280,304366.4,6/27/20,7/28/20,EL1
4611133479,3614224,246317.7,7/29/20,8/26/20,EL1
4611317694,2413814,218453.3,8/27/20,9/23/20,EL1
4611561426,0,0,9/24/20,10/26/20,EL1
4611558511,244508,87195.45,10/27/20,11/24/20,EL1
4611730840,512438,102275.08,11/25/20,12/28/20,EL1
4622121606,289243,138157.3,12/29/20,1/27/21,EL1
2457926467,140,63.87,12/1/16,1/3/17,EL2
2458139560,14,50.32,1/3/17,2/1/17,EL2
2458148000,4,51.94,2/1/17,3/3/17,EL2
2458155704,91,62.83,3/3/17,4/3/17,EL2
2464653407,87,62.72,4/3/17,5/3/17,EL2
2465381512,197,77.61,5/3/17,6/2/17,EL2
2465381609,396,134.48,6/2/17,7/3/17,EL2
2465397691,437,143,7/3/17,8/2/17,EL2
2465456718,302,162.34,8/2/17,10/2/17,EL2
2465542300,130,63.96,10/2/17,10/31/17,EL2
2465771770,105,255.75,10/31/17,4/4/18,EL2
2465798170,14,49.82,4/4/18,5/3/18,EL2
2465826384,19,50.07,5/3/18,6/4/18,EL2
2465837784,370,117.06,6/4/18,7/3/18,EL2
2466047294,183,122.12,7/3/18,8/2/18,EL2
2467086585,295,100.82,8/2/18,8/31/18,EL2
2547736997,274,96.64,8/31/18,10/2/18,EL2
2602766944,192,64.17,10/2/18,10/31/18,EL2
2602840132,81,54.43,10/31/18,12/3/18,EL2
2602989399,58,56.08,12/3/18,1/3/19,EL2
2662474043,46,44.14,1/3/19,2/1/19,EL2
2742649286,44,44.74,2/1/19,3/5/19,EL2
2938118065,30,80.53,3/6/19,5/3/19,EL2
3077567305,19,39.2,5/4/19,6/4/19,EL2
3077648600,518,137.64,6/5/19,7/3/19,EL2
3113804615,94,47.25,7/4/19,8/2/19,EL2
3187404798,321,92.44,8/3/19,9/3/19,EL2
3289408298,268,81.35,9/4/19,10/1/19,EL2
3363398999,218,70.1,10/2/19,11/20/19,EL2
3428288338,52,46.99,11/21/19,1/3/20,EL2
3697949251,27,39.42,1/4/20,2/3/20,EL2
4608736133,5,84.45,2/3/20,4/2/20,EL2
4608841154,68,49.47,4/2/20,5/4/20,EL2
4609085539,18,44.8,5/4/20,6/3/20,EL2
4609113608,518,154.08,6/3/20,7/2/20,EL2
4610716064,107,71.77,7/2/20,8/3/20,EL2
4611158161,291,106.9,8/3/20,9/1/20,EL2
4611262327,287,105.79,9/1/20,10/1/20,EL2
4611450129,200,69.15,10/1/20,10/30/20,EL2
4611573305,183,66.62,10/30/20,12/2/20,EL2
4611765265,145,64.01,12/2/20,1/4/21,EL2
4622125136,108,60.03,1/4/21,2/2/21,EL2
2458142777,86,23.25,12/1/16,1/3/17,EL3
2458143282,217,36.79,1/3/17,2/1/17,EL3
2458148021,148,28.1,2/1/17,3/3/17,EL3
2458155689,316,49.48,3/3/17,4/3/17,EL3
2464653405,162,30.52,4/3/17,5/3/17,EL3
2465381043,25,13.54,5/3/17,6/2/17,EL3
2465381088,20,10.99,6/2/17,7/3/17,EL3
2465397841,205,50.6,7/3/17,8/2/17,EL3
2465456548,184,43.76,8/2/17,8/31/17,EL3
2465531120,72,21.08,8/31/17,10/2/17,EL3
2465541169,476,55.86,10/2/17,10/31/17,EL3
2465549602,42,11.57,10/31/17,12/1/17,EL3
2465557367,149,26.1,12/1/17,1/3/18,EL3
2465680874,87,32.52,1/3/18,2/1/18,EL3
2465687232,1,14.85,2/1/18,3/5/18,EL3
2465772403,158,33.83,3/5/18,4/5/18,EL3
2465801872,211,39.37,4/5/18,5/3/18,EL3
2465825936,115,30.02,5/3/18,6/4/18,EL3
2465837798,19,24.27,6/4/18,7/3/18,EL3
2466046809,79,36.1,7/3/18,8/2/18,EL3
2467087317,23,24.43,8/2/18,8/31/18,EL3
2547740035,54,30.95,9/1/18,10/2/18,EL3
2602770249,139,35.12,10/2/18,10/31/18,EL3
2602842576,22,24.09,10/31/18,12/3/18,EL3
2602991797,2,23.15,12/3/18,1/3/19,EL3
2742663099,90,42.1,1/4/19,3/5/19,EL3
2801033853,240,43.67,3/6/19,4/2/19,EL3
2894153991,12,16.71,4/3/19,5/3/19,EL3
3077568202,75,24.42,5/4/19,6/4/19,EL3
3077661605,3,21.38,6/5/19,8/2/19,EL3
3187405922,0,10.33,8/3/19,9/3/19,EL3
3289408555,18,14.17,9/4/19,10/1/19,EL3
3363399028,141,25.32,10/2/19,10/31/19,EL3
3428290395,75,18.38,11/1/19,12/3/19,EL3
3697901114,265,39.29,12/4/19,1/3/20,EL3
3697949700,41,11.91,1/4/20,2/3/20,EL3
3890603129,108,20.18,2/4/20,3/4/20,EL3
4608744852,6,8.2,3/4/20,4/2/20,EL3
4608841538,24,9.92,4/2/20,5/4/20,EL3
4609085821,9,8.15,5/4/20,6/3/20,EL3
4609114591,1,5.6,6/3/20,7/2/20,EL3
4610718199,380,83.65,7/2/20,8/3/20,EL3
4611164979,486,102.37,8/3/20,9/1/20,EL3
4611264503,19,9.38,9/1/20,10/1/20,EL3
4611452198,26,8.26,10/1/20,10/30/20,EL3
4611586507,297,33.84,10/30/20,12/2/20,EL3
4611767768,16,9.87,12/2/20,1/4/21,EL3
4622125645,103,37.43,1/4/21,2/2/21,EL3
2457982735,872,133.98,12/2/16,1/3/17,EL4
2458114948,751,128.26,1/4/17,2/1/17,EL4
2458148683,714,123.68,2/2/17,3/3/17,EL4
2458155153,662,123.14,3/4/17,4/3/17,EL4
2464653350,564,116.33,4/4/17,5/3/17,EL4
2465374727,506,114.1,5/4/17,6/2/17,EL4
2465374810,491,108.56,6/3/17,7/3/17,EL4
2465399243,493,108.72,7/4/17,8/2/17,EL4
2465453035,525,107.69,8/3/17,8/31/17,EL4
2465528347,664,117.5,9/1/17,10/2/17,EL4
2465539245,668,114.69,10/3/17,10/31/17,EL4
2465549422,784,133.06,11/1/17,12/1/17,EL4
2465556215,872,147.8,12/2/17,1/3/18,EL4
2465680722,751,135.39,1/4/18,2/1/18,EL4
2465684701,757,136.8,2/2/18,3/5/18,EL4
2465773397,638,123.07,3/6/18,4/4/18,EL4
2465806599,545,110.91,4/4/18,5/3/18,EL4
2465835781,538,114.14,5/4/18,6/4/18,EL4
2465837899,459,101.19,6/5/18,7/3/18,EL4
2465999399,493,102.45,7/4/18,8/2/18,EL4
2467087564,525,102.42,8/3/18,8/31/18,EL4
2547743167,664,108.79,9/1/18,10/2/18,EL4
2602778588,668,109.26,10/2/18,10/31/18,EL4
2602853644,837,122.37,11/1/18,12/3/18,EL4
2602997490,819,127.77,12/4/18,1/3/19,EL4
2662486980,751,124.21,1/4/19,2/1/19,EL4
2742679357,757,132.56,2/2/19,3/5/19,EL4
2801034716,619,117.14,3/6/19,4/3/19,EL4
2894155317,564,117.15,4/4/19,5/3/19,EL4
3077570147,538,117.26,5/4/19,6/4/19,EL4
3077685313,459,106.88,6/5/19,7/3/19,EL4
3113805652,493,109.74,7/4/19,8/2/19,EL4
3187408905,587,111.89,8/3/19,9/3/19,EL4
3289409988,602,111.05,9/4/19,10/2/19,EL4
3363400016,668,119.29,10/3/19,10/31/19,EL4
3428297089,837,128.4,11/1/19,12/3/19,EL4
3697905206,819,131.72,12/4/19,1/3/20,EL4
3697987157,799,135.61,1/4/20,2/3/20,EL4
3890641526,711,130.9,2/4/20,3/4/20,EL4
4608750744,621,128.02,3/5/20,4/2/20,EL4
4608844495,600,120.88,4/3/20,5/4/20,EL4
4609088513,505,110.68,5/5/20,6/3/20,EL4
4609118010,459,105.29,6/3/20,7/2/20,EL4
4610722700,528,111.84,7/3/20,8/3/20,EL4
4611174059,528,107.96,8/4/20,9/1/20,EL4
4611274826,620,111.81,9/2/20,10/1/20,EL4
4611500301,90.71,114.81,10/2/20,10/30/20,EL4
4611596264,834,121.22,10/31/20,12/2/20,EL4
4611778311,872,135.64,12/3/20,1/4/21,EL4
4622127441,749,131.34,1/5/21,2/2/21,EL4
2458004091,0,4.25,12/1/16,1/3/17,EL5
2458122837,0,4.25,1/3/17,2/1/17,EL5
2458149766,6,4.72,2/1/17,3/3/17,EL5
2458154945,0,4.25,3/3/17,4/3/17,EL5
2464653308,0,4.25,4/3/17,5/3/17,EL5
2464664447,0,4.25,5/3/17,6/2/17,EL5
2465435193,0,4.25,6/2/17,7/3/17,EL5
2465435371,0,4.25,7/3/17,8/2/17,EL5
2465450973,0,4.25,8/2/17,8/31/17,EL5
2465486528,0,4.25,8/31/17,10/2/17,EL5
2465539058,0,4.25,10/2/17,10/31/17,EL5
2465548631,0,4.25,10/31/17,12/1/17,EL5
2465555245,0,4.25,12/1/17,1/3/18,EL5
2465680237,0,4.24,1/3/18,2/1/18,EL5
2465683767,0,4.24,2/1/18,3/5/18,EL5
2465774489,0,4.24,3/5/18,4/4/18,EL5
2465808968,0,4.24,4/4/18,5/3/18,EL5
2465836567,0,4.24,5/3/18,6/4/18,EL5
2465838338,0,4.24,6/4/18,7/3/18,EL5
2465917332,0,4.24,7/3/18,8/2/18,EL5
2467088699,0,4.24,8/2/18,8/31/18,EL5
2547745608,0,4.24,9/1/18,10/2/18,EL5
2602785609,0,4.24,10/2/18,10/31/18,EL5
2602935479,0,4.74,10/31/18,12/3/18,EL5
2603002569,0,4.73,12/3/18,1/3/19,EL5
2662495752,0,4.74,1/3/19,2/1/19,EL5
2742690399,0,4.74,2/2/19,3/5/19,EL5
2801036320,0,4.74,3/6/19,4/2/19,EL5
2894155494,0,4.74,4/3/19,5/3/19,EL5
3077571259,0,4.73,5/4/19,6/4/19,EL5
3077694453,0,4.74,6/5/19,7/3/19,EL5
3113806617,0,4.74,7/4/19,8/2/19,EL5
3187411692,0,4.74,8/3/19,9/3/19,EL5
3289413431,0,4.73,9/4/19,10/1/19,EL5
3363405505,0,4.79,10/2/19,10/31/19,EL5
3428311497,0,4.79,11/1/19,12/3/19,EL5
3697905919,0,4.78,12/4/19,1/3/20,EL5
3697988971,0,4.79,1/4/20,2/3/20,EL5
3890648533,0,4.79,2/4/20,3/4/20,EL5
4608763741,0,4.79,3/4/20,4/2/20,EL5
4608847120,0,4.79,4/2/20,5/4/20,EL5
4609091524,0,4.78,5/4/20,6/3/20,EL5
4609142490,0,4.79,6/3/20,7/2/20,EL5
4610726836,0,4.79,7/2/20,8/3/20,EL5
4611180668,0,4.79,8/3/20,9/1/20,EL5
4611277254,0,4.79,9/1/20,10/1/20,EL5
4611504747,0,4.79,10/1/20,10/30/20,EL5
4611609333,0,4.79,10/30/20,12/2/20,EL5
4611783565,0,4.78,12/2/20,1/4/21,EL5
4622129576,0,4.79,1/4/21,2/2/21,EL5
4608857463,920,1133.02,3/4/20,5/4/20,EL6
4609099796,360,626.56,5/4/20,6/3/20,EL6
4610752976,0,0,6/4/20,7/1/20,EL6
4610751952,400,996.04,7/2/20,8/3/20,EL6
4611213204,360,990.59,8/3/20,9/1/20,EL6
4611287295,360,989.59,9/1/20,10/1/20,EL6
4611515599,360,634.84,10/1/20,10/30/20,EL6
4611637803,400,635.8,10/30/20,12/2/20,EL6
4611804005,400,632.8,12/2/20,1/4/21,EL6
4622139749,360,671.56,1/4/21,2/2/21,EL6
1449643415,11668.61,8588.98,7/1/09,7/31/09,NG1
1449643416,45471.29,29419.21,8/1/09,8/31/09,NG1
1449643417,6168.88,4032.89,9/1/09,9/30/09,NG1
1449643418,1417.45,1451.43,10/1/09,10/31/09,NG1
1449643419,22009.46,16960.58,11/1/09,11/30/09,NG1
1449643420,29273.49,23099.12,12/1/09,12/31/09,NG1
1449643421,45786.72,42721.07,1/1/10,1/31/10,NG1
1449643422,52135.16,45379,2/1/10,2/28/10,NG1
1449643423,1288.96,1527.82,3/1/10,3/31/10,NG1
1449643424,5413.35,4276.2,4/1/10,4/30/10,NG1
1449643425,35251.45,27073.8,5/1/10,5/31/10,NG1
1449643426,17728.44,13655.86,6/1/10,6/30/10,NG1
1457368849,58012.87,47529.31,7/1/10,7/31/10,NG1
1457368850,64357,53281.8,8/1/10,8/31/10,NG1
1457368851,29966.95,21283.82,9/1/10,9/30/10,NG1
1457368852,40792.21,29649.99,10/1/10,10/31/10,NG1
1457368853,1829.57,1720.98,11/1/10,11/30/10,NG1
1457368854,53721.84,42305.83,12/1/10,12/31/10,NG1
1457368855,92408.51,72318.89,1/1/11,1/31/11,NG1
1457368856,49664.08,39662.11,2/1/11,2/28/11,NG1
1457368857,14002.84,10708.99,3/1/11,3/31/11,NG1
1457368858,10241.49,8073.43,4/1/11,4/30/11,NG1
1457368859,65067.2,49619.82,5/1/11,5/31/11,NG1
1457368860,16629.65,12950.18,6/1/11,6/30/11,NG1
1457368861,25051.79,19362.91,7/1/11,7/31/11,NG1
1457368862,14503.67,11487.61,8/1/11,8/31/11,NG1
1457368863,27208,19536.94,9/1/11,9/30/11,NG1
1457368864,22003.31,15654.69,10/1/11,10/31/11,NG1
1457368865,15121.6,10722.39,11/1/11,11/30/11,NG1
1457368866,2596.12,2263.29,12/1/11,12/31/11,NG1
1457368867,86199.84,57307.68,1/1/12,1/31/12,NG1
1457368868,6782,4561.62,2/1/12,2/29/12,NG1
1457368869,1939.39,1618.65,3/1/12,3/31/12,NG1
1457368870,1662.34,1418.81,4/1/12,4/30/12,NG1
1457368871,76755.94,41045.76,5/1/12,5/31/12,NG1
1457368872,16641.93,10032.78,6/1/12,6/30/12,NG1
1457441181,16309,10473.45,7/1/12,7/31/12,NG1
1457441182,50323.44,32567.79,8/1/12,8/31/12,NG1
1457441183,34990.43,21325.43,9/1/12,9/30/12,NG1
1457441184,45918.78,29819.87,10/1/12,10/31/12,NG1
1457441185,14955.16,10773.03,11/1/12,11/30/12,NG1
1457441186,79079.75,55434.45,12/1/12,12/31/12,NG1
1457441187,166119.55,108503.86,1/1/13,1/31/13,NG1
1457441188,84230.55,55842.4,2/1/13,2/28/13,NG1
1457441189,46463.34,31592.69,3/1/13,3/31/13,NG1
1457441190,8897.35,6856.87,4/1/13,4/30/13,NG1
1457441191,26005.19,19522.43,5/1/13,5/31/13,NG1
1457441192,120392,88780.91,6/1/13,6/30/13,NG1
1457441193,120585.06,82991.35,7/1/13,7/31/13,NG1
1457441194,161677.48,104854.62,8/1/13,8/31/13,NG1
1457441195,167524.88,110645.88,9/1/13,9/30/13,NG1
1457441196,95543.66,62030.62,10/1/13,10/31/13,NG1
1457441197,90444.96,58206.98,11/1/13,11/30/13,NG1
1457441198,135330.35,91513.95,12/1/13,12/31/13,NG1
1457441199,125583.33,96351.61,1/1/14,1/31/14,NG1
1457441200,150136.45,133376.91,2/1/14,2/28/14,NG1
1457441201,96244.73,78392.78,3/1/14,3/31/14,NG1
1457441202,119610.32,90612.3,4/1/14,4/30/14,NG1
1457441203,104511.09,81611,5/1/14,5/31/14,NG1
1457441204,118867.35,89627.5,6/1/14,6/30/14,NG1
1703780679,14180,10836,7/1/14,7/31/14,NG1
1703780680,20028,13811,8/1/14,8/31/14,NG1
1703780681,39542,27384,9/1/14,9/30/14,NG1
1703780682,95456,66040,10/1/14,10/31/14,NG1
1703780683,108002,73989,11/1/14,11/30/14,NG1
1703780684,50537,38184,12/1/14,12/31/14,NG1
1703780685,117502,75876,1/1/15,1/31/15,NG1
1703780686,81052,49688,2/1/15,2/28/15,NG1
1703780687,81975,48302,3/1/15,3/31/15,NG1
1703780688,16711,9544,4/1/15,4/30/15,NG1
1703780689,130284,69852,5/1/15,5/31/15,NG1
1703780690,108236,60417,6/1/15,6/30/15,NG1
4246737694,1121555.2,Not Available,7/1/15,8/31/16,NG1
2388893796,81285.74,50891.62,9/1/16,9/30/16,NG1
2388893795,89108.53,56964.66,10/1/16,10/31/16,NG1
2388893794,66105.76,41072.19,11/1/16,11/30/16,NG1
2388892054,205579.62,136857.21,12/1/16,12/31/16,NG1
2388890735,332327.15,199905.41,1/1/17,1/31/17,NG1
2388889693,270702.77,182991.49,2/1/17,2/28/17,NG1
2388888539,228282.96,135675.27,3/1/17,3/31/17,NG1
2388886587,52526.29,34706.11,4/1/17,4/30/17,NG1
2388886562,86650.4,55730.75,5/1/17,5/31/17,NG1
2388886483,70815.06,46813.57,6/1/17,6/30/17,NG1
2388886366,95724.43,61423.96,7/1/17,7/31/17,NG1
2388885887,111309.96,70186.02,8/1/17,8/31/17,NG1
2388885173,154562.96,92278.66,9/1/17,9/30/17,NG1
2388885135,83294.19,52484.51,10/1/17,10/31/17,NG1
2388884921,80742.14,49803.47,11/1/17,11/30/17,NG1
2388883995,99718.19,65537.29,12/1/17,12/31/17,NG1
2388883535,95568.58,58732.97,1/1/18,1/31/18,NG1
2388883154,78824.58,56206.68,2/1/18,2/28/18,NG1
2388879251,194525.81,116813.22,3/1/18,3/31/18,NG1
2388878922,186627.43,112337.17,4/1/18,4/30/18,NG1
2388878782,140527,86716.18,5/1/18,5/31/18,NG1
2465836756,125254.15,78089.14,6/1/18,6/30/18,NG1
2465843121,102728.42,65500.28,7/1/18,7/31/18,NG1
2467085327,80252.84,49776.07,8/1/18,8/31/18,NG1
2547719989,188003.49,117335.05,9/1/18,9/30/18,NG1
2602738839,308846.52,200406.24,10/1/18,10/31/18,NG1
2602819798,110245.05,74442.05,11/1/18,11/30/18,NG1
2602972285,73917.81,62967.81,12/1/18,12/31/18,NG1
2662451939,82491.39,60529.69,1/1/19,1/31/19,NG1
2742572969,96503.31,63383.52,2/1/19,2/28/19,NG1
2801020411,64224.04,41403.58,3/1/19,3/31/19,NG1
2894106116,7477.25,5386.94,4/1/19,4/30/19,NG1
3077540500,47117.19,29293.55,5/1/19,5/31/19,NG1
3077559079,58922.65,36878.53,6/1/19,6/30/19,NG1
3113803609,84591.74,49215.85,7/1/19,7/31/19,NG1
3187388518,123225.98,69346.55,8/1/19,8/31/19,NG1
3289354342,99130.31,57578.82,9/1/19,9/30/19,NG1
3363307514,83474.44,50727.04,10/1/19,10/31/19,NG1
3428266501,58866.69,37201.76,11/1/19,11/30/19,NG1
3697805154,107135.01,66144.66,12/1/19,12/31/19,NG1
3697941259,92537.8,54153.93,1/1/20,1/31/20,NG1
3890577082,87034.37,48247.07,2/1/20,2/29/20,NG1
4608727024,37818.09,21370.96,3/1/20,3/31/20,NG1
4608828655,94162.07,50047.36,4/1/20,4/30/20,NG1
4609083085,50326.31,27768.48,5/1/20,5/31/20,NG1
4609109322,122420.13,65093.91,6/1/20,6/30/20,NG1
4610697961,118080.14,59683.61,7/1/20,7/31/20,NG1
4611127627,205443.3,111784.91,8/1/20,8/31/20,NG1
4611250131,206467.02,128184.13,9/1/20,9/30/20,NG1
4611407091,55478.31,31917.03,10/1/20,10/31/20,NG1
4611548088,80650.79,53720.89,11/1/20,11/30/20,NG1
4611729473,206047.99,135051.99,12/1/20,12/31/20,NG1
4622120677,227227.82,138641.63,1/1/21,1/31/21,NG1
2457988231,176.84,175.67,12/1/16,1/3/17,NG10
2458117360,193.1,206.98,1/3/17,2/1/17,NG10
2458149274,316.49,318.19,2/1/17,3/3/17,NG10
2458155084,250.01,234.16,3/3/17,4/3/17,NG10
2464653336,261.56,240.3,4/3/17,5/3/17,NG10
2465361770,152.46,143.62,5/3/17,6/2/17,NG10
2465361817,53.37,59.05,6/2/17,7/3/17,NG10
2465402054,54.31,59.01,7/3/17,8/2/17,NG10
2465451150,1108.09,953.09,8/2/17,8/31/17,NG10
2465528123,310.18,288.26,8/31/17,10/2/17,NG10
2465539188,233.35,210.13,10/2/17,10/31/17,NG10
2465549300,255.82,242.96,10/31/17,12/1/17,NG10
2465555430,232.08,226.9,12/1/17,1/3/18,NG10
2465680700,155.47,149.99,1/3/18,2/1/18,NG10
2465685094,334.37,344.84,2/1/18,3/5/18,NG10
2465773529,219.55,207.08,3/5/18,4/4/18,NG10
2465778365,271.28,234.19,4/4/18,5/3/18,NG10
2465816512,130.13,120.35,5/4/18,6/4/18,NG10
2465838051,49.18,53.29,6/4/18,7/3/18,NG10
2465920803,52.12,56.29,7/3/18,8/2/18,NG10
2467087859,129.25,119.53,8/2/18,8/31/18,NG10
2547743799,207.19,186.17,9/1/18,10/2/18,NG10
2602782038,261.6,234.88,10/2/18,10/31/18,NG10
2602855343,298.98,284.26,10/31/18,12/3/18,NG10
2602998786,200.06,221.56,12/3/18,1/3/19,NG10
2662489323,155.62,162.91,1/3/19,2/1/19,NG10
2742684019,327.01,312.66,2/2/19,3/5/19,NG10
2801035511,226.28,214.97,3/6/19,4/3/19,NG10
2894155333,265.23,230.27,4/4/19,5/3/19,NG10
3077570619,170.01,150.87,5/4/19,6/4/19,NG10
3077686183,34.5,43,6/5/19,7/3/19,NG10
3113806285,17.74,28.96,7/4/19,8/2/19,NG10
3187409737,136.68,117.68,8/3/19,9/3/19,NG10
3289411186,133.68,117.69,9/4/19,10/2/19,NG10
3363401356,220.37,202.4,10/3/19,10/31/19,NG10
3428302026,267.1,247.92,11/1/19,12/3/19,NG10
3697905521,165.33,155.89,12/4/19,1/3/20,NG10
3697988043,125,115.74,1/4/20,2/3/20,NG10
3890641749,309.59,263.6,2/4/20,3/4/20,NG10
4608750909,141.68,125.27,3/4/20,4/2/20,NG10
4608846270,75.63,69.86,4/2/20,5/4/20,NG10
4609089320,62.85,61.44,5/4/20,6/3/20,NG10
4609137979,47.13,49.56,6/3/20,7/2/20,NG10
4611780502,20.91,116.72,7/2/20,1/4/21,NG10
4622127970,116.26,119.28,1/4/21,2/2/21,NG10
2457995461,4980.9,4173.23,12/1/16,1/3/17,NG11
2458121206,1905.79,1963.74,1/3/17,2/1/17,NG11
2458149617,3757.95,3323.36,2/1/17,3/3/17,NG11
2458155016,2788.96,2373.07,3/3/17,4/3/17,NG11
2464653319,3612.52,2440.73,4/3/17,5/3/17,NG11
2464665309,1844.28,1280.94,5/3/17,6/2/17,NG11
2464665649,1111.29,831.8,6/2/17,7/3/17,NG11
2465431996,1187.47,862.08,7/3/17,8/2/17,NG11
2465451107,1606.26,1111.27,8/2/17,8/31/17,NG11
2465528057,3446.47,2256.9,8/31/17,10/2/17,NG11
2465539130,3211.43,2102.8,10/2/17,10/31/17,NG11
2465549128,2935.61,2531.28,10/31/17,12/1/17,NG11
2465555417,2085.57,1970.09,12/1/17,1/3/18,NG11
2465680676,1828.84,1767.2,1/3/18,2/1/18,NG11
2465683882,3394.14,3054.45,2/1/18,3/5/18,NG11
2465773871,2420.25,2066.23,3/5/18,4/4/18,NG11
2465779359,3101.41,1959.88,4/4/18,5/3/18,NG11
2465836479,1369.52,945.3,5/3/18,6/4/18,NG11
2465838326,726.21,556.51,6/4/18,7/3/18,NG11
2465919624,1061.12,774.98,7/3/18,8/2/18,NG11
2467088060,1693.84,1142.33,8/2/18,8/31/18,NG11
2547744467,3243.87,2115.5,9/1/18,10/2/18,NG11
2602784459,3079.58,2049.9,10/2/18,10/31/18,NG11
2602934274,3255.36,2756.94,10/31/18,12/3/18,NG11
2603000801,2004.76,2149.57,12/3/18,1/3/19,NG11
2662493566,1842.17,1870.8,1/3/19,2/1/19,NG11
2742688099,2835.81,2403.37,2/2/19,3/5/19,NG11
2801035562,2498.59,2141.4,3/6/19,4/3/19,NG11
2894155374,3432.14,2149.68,4/4/19,5/3/19,NG11
3077571036,2168.15,1377.46,5/4/19,6/4/19,NG11
3077688823,1577.5,1042.36,6/5/19,7/3/19,NG11
3113806530,1564.02,976.44,7/4/19,8/2/19,NG11
3187410564,1061.64,1345,8/3/19,11/20/19,NG11
3428306385,1349.34,1084.94,11/21/19,12/3/19,NG11
3697905713,2019.57,1749.94,12/4/19,1/3/20,NG11
3697988678,1935.99,1630.71,1/4/20,2/3/20,NG11
3890648102,2480.89,1891.79,2/4/20,3/4/20,NG11
4608756099,2213.28,1473.22,3/4/20,4/2/20,NG11
4608846389,8042.29,4646.74,4/2/20,5/4/20,NG11
4609089871,217.86,250.6,5/4/20,6/3/20,NG11
4609140493,1580.56,899.8,6/3/20,7/2/20,NG11
4610726162,1743.72,940.55,7/2/20,8/3/20,NG11
4611177951,1572.36,925.51,8/3/20,9/1/20,NG11
4611276071,1540.91,1021.62,9/1/20,10/1/20,NG11
4611502799,1322.43,835.06,10/1/20,10/30/20,NG11
4611605987,2648.46,1842.48,10/30/20,12/2/20,NG11
4611781809,2162.93,1489.61,12/2/20,1/4/21,NG11
4622129077,1864.41,1235.47,1/4/21,2/2/21,NG11
2458016718,4.19,15.93,12/1/16,1/3/17,NG12
2458127031,20.99,32.71,1/3/17,2/1/17,NG12
2458149807,12.62,23.53,2/1/17,3/3/17,NG12
2458153977,0,12.39,3/3/17,4/3/17,NG12
2464652684,126.06,122.23,4/3/17,5/3/17,NG12
2464664122,12.62,23.25,5/3/17,6/2/17,NG12
2464664446,158.01,150.59,6/2/17,7/3/17,NG12
2465436810,10.44,21.35,7/3/17,8/2/17,NG12
2465450936,11.49,22.14,8/2/17,8/31/17,NG12
2465484322,9.4,20.43,8/31/17,10/2/17,NG12
2465538786,23.02,31.94,10/2/17,10/31/17,NG12
2465547500,4.19,15.97,10/31/17,12/1/17,NG12
2465554754,4.18,16.11,12/1/17,1/3/18,NG12
2465680174,8.4,20.17,1/3/18,2/1/18,NG12
2465683733,78.86,88.58,2/1/18,3/5/18,NG12
2465775804,1.05,13.77,3/5/18,4/4/18,NG12
2465779583,11.52,21.48,4/4/18,5/3/18,NG12
2465836573,11.54,21.63,5/3/18,6/4/18,NG12
2465838583,68.02,69.09,6/4/18,7/3/18,NG12
2465915228,0,12.03,7/3/18,8/2/18,NG12
2467088786,61.5,63.17,8/2/18,8/31/18,NG12
2547747270,20.93,29.62,9/1/18,10/2/18,NG12
2602788411,0,12.03,10/2/18,10/31/18,NG12
2602937343,10.45,23.66,10/31/18,12/3/18,NG12
2603004303,4.19,19.07,12/3/18,1/3/19,NG12
2662499400,8.41,23.08,1/3/19,2/1/19,NG12
2742693350,14.72,27.75,2/2/19,3/5/19,NG12
2801036722,12.63,25.83,3/6/19,4/3/19,NG12
2894155570,11.58,24.82,4/4/19,5/3/19,NG12
3077571929,12.59,19.06,5/4/19,6/4/19,NG12
3077701263,28.23,37.99,6/5/19,7/3/19,NG12
3113806777,22.95,32.93,7/4/19,8/2/19,NG12
3187411900,2.09,17.04,8/3/19,9/3/19,NG12
3289413735,12.53,25.07,9/4/19,10/2/19,NG12
3363407551,24.01,46.71,10/3/19,11/22/19,NG12
3428312791,0,5.82,11/23/19,12/3/19,NG12
3697908038,5.23,20.35,12/4/19,1/3/20,NG12
3697989207,1.05,16.96,1/4/20,2/3/20,NG12
3890648627,6.3,20.79,2/4/20,3/4/20,NG12
4608765793,14.69,26.91,3/4/20,4/2/20,NG12
4608847330,23.11,33.11,4/2/20,5/4/20,NG12
4609093075,11.52,24.49,5/4/20,6/3/20,NG12
4609143121,34.57,40.66,6/3/20,7/2/20,NG12
4610727928,19.86,30.11,7/2/20,8/3/20,NG12
4611183830,14.61,27.29,8/3/20,9/1/20,NG12
4611278828,40.77,49.23,9/1/20,9/30/20,NG12
4611506170,1.05,17.45,9/30/20,10/29/20,NG12
4611614468,0,16.7,10/29/20,12/2/20,NG12
4611789225,45,45,12/2/20,12/31/20,NG12
4622131100,1.05,18.07,12/31/20,2/2/21,NG12
2464661930,0,2.89,6/27/17,7/3/17,NG13
2465439331,0,12.39,7/3/17,8/2/17,NG13
2465450889,0,12.39,8/2/17,8/31/17,NG13
2465483875,0,12.44,8/31/17,10/2/17,NG13
2465537770,0,12.44,10/2/17,10/31/17,NG13
2465547070,0,12.44,10/31/17,12/1/17,NG13
2465554730,0,12.5,12/1/17,1/3/18,NG13
2465680134,0,13.04,1/3/18,2/1/18,NG13
2465683474,0,13.04,2/1/18,3/5/18,NG13
2465776053,0,12.9,3/5/18,4/4/18,NG13
2465779597,3.14,14.62,4/4/18,5/3/18,NG13
2465818712,0,12.03,5/4/18,6/4/18,NG13
2465839225,0,12.03,6/4/18,7/3/18,NG13
2465912092,0,12.03,7/3/18,8/2/18,NG13
2467088913,0,12.03,8/2/18,8/31/18,NG13
2547748503,0,12.03,9/1/18,10/2/18,NG13
2602791273,0,12.03,10/2/18,10/31/18,NG13
2602938896,0,14.93,10/31/18,12/3/18,NG13
2603006771,0,14.99,12/3/18,1/3/19,NG13
2662502775,0,15.46,1/3/19,2/1/19,NG13
2742695923,0,15.46,2/2/19,3/5/19,NG13
2801037050,0,15.46,3/6/19,4/3/19,NG13
2894155624,3.16,16.36,4/4/19,5/3/19,NG13
3077573992,0,15.46,5/4/19,6/3/19,NG13
3077705748,0,15.46,6/4/19,7/3/19,NG13
3113807661,0,15.46,7/4/19,8/2/19,NG13
3187412206,0,15.46,8/3/19,8/30/19,NG13
3289414106,0,15.47,8/31/19,10/1/19,NG13
3363407786,0,15.75,10/2/19,10/31/19,NG13
3428314990,0,15.79,11/1/19,12/3/19,NG13
3697908346,0,16.2,12/4/19,1/2/20,NG13
3697989861,0,16.2,1/3/20,1/31/20,NG13
3890649554,0,16.2,2/1/20,3/3/20,NG13
4608766524,0,16.2,3/3/20,4/1/20,NG13
4608847569,0,16.2,4/1/20,5/1/20,NG13
4609094041,0,16.2,5/1/20,6/3/20,NG13
4609143136,0,16.2,6/3/20,7/2/20,NG13
4610729798,0,16.46,7/2/20,7/31/20,NG13
4611185507,0,16.67,7/31/20,8/31/20,NG13
4611279880,0,16.67,8/31/20,9/30/20,NG13
4611509162,0,16.67,9/30/20,10/29/20,NG13
4611619486,0,16.68,10/29/20,12/1/20,NG13
4611792440,0,17.19,12/1/20,12/31/20,NG13
4622134854,0,17.19,12/31/20,2/2/21,NG13
2465470012,0,4.56,9/22/17,10/2/17,NG14
2465536892,0,12.44,10/2/17,10/31/17,NG14
2465544704,0,12.44,10/31/17,12/1/17,NG14
2465551400,0,12.5,12/1/17,1/3/18,NG14
2465680090,0,13.04,1/3/18,2/1/18,NG14
2465683057,0,13.04,2/1/18,3/5/18,NG14
2465776091,0,12.9,3/5/18,4/4/18,NG14
2465779629,0,12.03,4/4/18,5/3/18,NG14
2465820907,0,12.03,5/4/18,6/4/18,NG14
2465839770,0,12.03,6/4/18,7/3/18,NG14
2465909440,0,12.03,7/3/18,8/2/18,NG14
2467090539,0,12.03,8/2/18,8/31/18,NG14
2547754050,0,12.03,9/1/18,10/2/18,NG14
2602805955,0,12.03,10/2/18,10/31/18,NG14
2602945360,0,14.93,10/31/18,12/3/18,NG14
2603012465,0,14.99,12/3/18,1/3/19,NG14
2662505792,0,15.46,1/3/19,2/1/19,NG14
2742704876,0,15.46,2/2/19,3/5/19,NG14
2801037324,0,15.46,3/6/19,4/3/19,NG14
2894156693,0,15.46,4/4/19,5/3/19,NG14
3077601865,0,15.46,5/4/19,6/3/19,NG14
3077708661,0,15.46,6/4/19,7/3/19,NG14
3113808168,0,15.46,7/4/19,8/2/19,NG14
3187419975,0,15.46,8/3/19,8/30/19,NG14
3289417679,0,15.47,8/31/19,10/1/19,NG14
3363441300,0,15.75,10/2/19,10/31/19,NG14
3428318047,0,15.79,11/1/19,12/3/19,NG14
3697910470,0,16.2,12/4/19,1/2/20,NG14
3697991987,0,16.2,1/3/20,1/31/20,NG14
3890651752,0,16.2,2/1/20,3/4/20,NG14
4608778188,0,16.2,3/4/20,4/2/20,NG14
4608849305,0,16.2,4/2/20,5/1/20,NG14
4609099349,0,16.2,5/1/20,6/3/20,NG14
4609144169,0,16.2,6/3/20,7/2/20,NG14
4610743648,0,16.46,7/2/20,7/31/20,NG14
4611211129,0,16.67,7/31/20,8/31/20,NG14
4611286243,0,16.67,8/31/20,9/30/20,NG14
4611508296,0,16.67,9/30/20,10/29/20,NG14
4611629018,0,16.68,10/29/20,12/1/20,NG14
4611801771,0,17.19,12/1/20,12/31/20,NG14
4622139196,0,17.19,12/31/20,2/2/21,NG14
2458152969,554.64,544.28,3/4/17,4/3/17,NG15
2464652174,689.1,625.21,4/3/17,5/3/17,NG15
2465367583,263.92,251.92,5/3/17,6/2/17,NG15
2465368359,8.37,32.08,6/2/17,7/3/17,NG15
2465446859,73.11,87.54,7/3/17,8/2/17,NG15
2465449779,149.35,151.56,8/2/17,8/31/17,NG15
2465481733,597.39,532.39,8/31/17,10/2/17,NG15
2465537521,1292.57,1189.19,10/2/17,12/1/17,NG15
2465786629,456.84,446.93,12/1/17,1/3/18,NG15
2465787384,342.45,330.28,1/3/18,2/1/18,NG15
2465787782,859.05,885.84,2/1/18,3/5/18,NG15
2465788261,632.38,595.57,3/5/18,4/4/18,NG15
2465796934,598.08,513.83,4/4/18,5/3/18,NG15
2465822696,199.4,190.03,5/4/18,6/4/18,NG15
2465839764,155.91,154.85,6/4/18,7/3/18,NG15
2465845393,415.9,377.3,7/3/18,8/2/18,NG15
2467089018,228.28,213.91,8/2/18,8/31/18,NG15
2547749321,307.64,282.64,9/1/18,10/2/18,NG15
2602801239,866.43,762.15,10/2/18,10/31/18,NG15
2602940593,645.01,605.98,10/31/18,12/3/18,NG15
2603010342,429.44,468.99,12/3/18,1/3/19,NG15
2662508498,342.77,352.37,1/3/19,2/1/19,NG15
2742699015,496.29,468.59,2/2/19,3/5/19,NG15
2801037097,418.89,392.72,3/6/19,4/3/19,NG15
2894156171,500.98,436.67,4/4/19,5/3/19,NG15
3077597324,309.59,277.51,5/4/19,6/4/19,NG15
3077707974,162.04,160.3,6/5/19,7/3/19,NG15
3113807920,557.16,483.1,7/4/19,9/3/19,NG15
3289417303,452.22,376.67,9/4/19,10/2/19,NG15
3363438233,1011.86,880.52,10/3/19,11/22/19,NG15
3428317649,130.55,119.05,11/23/19,12/3/19,NG15
3697909354,198.82,191.16,12/4/19,1/3/20,NG15
3697991337,182.78,172.28,1/4/20,2/3/20,NG15
3890650964,538.36,448.36,2/4/20,3/4/20,NG15
4610737076,416.09,458.03,3/4/20,8/3/20,NG15
4611188479,64.72,80.29,8/3/20,9/1/20,NG15
4611283521,326.16,293.32,9/1/20,10/1/20,NG15
4611513783,388.89,348.08,10/1/20,10/30/20,NG15
4611621418,395.54,388.53,10/30/20,12/2/20,NG15
4611798927,480.3,466.64,12/2/20,1/4/21,NG15
4622137150,170.73,174.65,1/4/21,2/2/21,NG15
1457444194,0,0,7/1/09,7/31/09,NG16
1457444195,0,0,8/1/09,8/31/09,NG16
1457444196,0,0,9/1/09,9/30/09,NG16
1457444197,0,0,10/1/09,10/31/09,NG16
1457444198,0,0,11/1/09,11/30/09,NG16
1457444199,54406,49847.96,12/1/09,12/31/09,NG16
1457444200,13214.7,13949.33,1/1/10,1/31/10,NG16
1457444201,25855.01,27757.32,2/1/10,2/28/10,NG16
1457444202,20013.98,21100.59,3/1/10,3/31/10,NG16
1457444203,23588.58,17188.03,4/1/10,4/30/10,NG16
1457444204,22030.18,17116.4,5/1/10,5/31/10,NG16
1457444205,21552.67,16567.38,6/1/10,6/30/10,NG16
1457444206,23108.97,19353.69,7/1/10,7/31/10,NG16
1457444207,21875.62,18538.2,8/1/10,8/31/10,NG16
1457444208,18571.25,15031.87,9/1/10,9/30/10,NG16
1457444209,22313.33,16558.96,10/1/10,10/31/10,NG16
1457444210,25325.96,20666.63,11/1/10,11/30/10,NG16
1457444211,26076.18,24073.26,12/1/10,12/31/10,NG16
1457444212,23246.12,21942.22,1/1/11,1/31/11,NG16
1457444213,21368.38,20336.69,2/1/11,2/28/11,NG16
1457444214,22655.33,20320.61,3/1/11,3/31/11,NG16
1457444215,25249.67,19498.27,4/1/11,4/30/11,NG16
1457444216,19602.42,15434.26,5/1/11,5/31/11,NG16
1457444217,20834.21,16277.1,6/1/11,6/30/11,NG16
1457444218,24315.45,19077.15,7/1/11,7/31/11,NG16
1457444219,25289.82,19908.47,8/1/11,8/31/11,NG16
1457444220,23375.5,17066.84,9/1/11,9/30/11,NG16
1457444221,24456.4,17580.14,10/1/11,10/31/11,NG16
1457444222,23322.7,19460.33,11/1/11,11/30/11,NG16
1457444223,26397.21,21701.5,12/1/11,12/31/11,NG16
1457444224,23359.85,19144.59,1/1/12,1/31/12,NG16
1457444225,21493.46,16498,2/1/12,2/29/12,NG16
1457444226,25907,18704,3/1/12,3/31/12,NG16
1457444227,22960.78,13165.08,4/1/12,4/30/12,NG16
1457444228,23496.32,13107.89,5/1/12,5/31/12,NG16
1457444229,24828.08,14961.99,6/1/12,6/30/12,NG16
1457444230,22384.17,14332.8,7/1/12,7/31/12,NG16
1457444231,22281.8,14831.9,8/1/12,8/31/12,NG16
1457444232,27028.43,16893.61,9/1/12,9/30/12,NG16
1457444233,22490.94,14991.03,10/1/12,10/31/12,NG16
1457444234,23800,20043.37,11/1/12,11/30/12,NG16
1457444235,26238.87,21844.82,12/1/12,12/31/12,NG16
1457444236,19293.21,16175.38,1/1/13,1/31/13,NG16
1457444237,21422.75,17785.48,2/1/13,2/28/13,NG16
1457444238,24965.88,20890.46,3/1/13,3/31/13,NG16
1457444239,19929.25,14806.31,4/1/13,4/30/13,NG16
1457444240,23138.88,17597.67,5/1/13,5/31/13,NG16
1457444241,22303.05,16948.93,6/1/13,6/30/13,NG16
1457444242,21751.42,15509.2,7/1/13,7/31/13,NG16
1457444243,23636.78,15960.31,8/1/13,8/31/13,NG16
1457444244,25483.62,17483.12,9/1/13,9/30/13,NG16
1457444245,22801.78,15364.99,10/1/13,10/31/13,NG16
1457444246,25195.66,19958.21,11/1/13,11/30/13,NG16
1457444247,24205.91,20245.27,12/1/13,12/31/13,NG16
1457444248,18701.31,18007.48,1/1/14,1/31/14,NG16
1457444249,21382,22456.65,2/1/14,2/28/14,NG16
1457444250,28869.89,27859.12,3/1/14,3/31/14,NG16
1457444251,21550.47,16884,4/1/14,4/30/14,NG16
1457444252,8355.89,6785.2,5/1/14,5/31/14,NG16
1457444253,0,102,6/1/14,6/30/14,NG16
1449643804,475082.63,268097.19,7/1/09,7/31/09,NG2
1449643805,501545.6,255595.91,8/1/09,8/31/09,NG2
1449643806,490264.94,221957.56,9/1/09,9/30/09,NG2
1449643807,447990.79,242869.33,10/1/09,10/31/09,NG2
1449643808,359329.12,217613,11/1/09,11/30/09,NG2
1449643809,492695.43,294206.3,12/1/09,12/31/09,NG2
1449643810,522134,401777.4,1/1/10,1/31/10,NG2
1449643811,478946.89,341098.63,2/1/10,2/28/10,NG2
1449643812,439983.15,292115.78,3/1/10,3/31/10,NG2
1449643813,426562,235260.45,4/1/10,4/30/10,NG2
1449643814,293639.25,175302.75,5/1/10,5/31/10,NG2
1449643815,455748.61,267077.66,6/1/10,6/30/10,NG2
1457365980,470263.06,305442.27,7/1/10,7/31/10,NG2
1457365981,463875.99,305123.91,8/1/10,8/31/10,NG2
1457365982,509570.53,275179.8,9/1/10,9/30/10,NG2
1457365983,329433.13,184422.82,10/1/10,10/31/10,NG2
1457365984,455600.72,230547,11/1/10,11/30/10,NG2
1457365985,523080.9,318732.3,12/1/10,12/31/10,NG2
1457365986,420674.28,243809,1/1/11,1/31/11,NG2
1457365987,473767.04,291278.56,2/1/11,2/28/11,NG2
1457365988,494661.71,276606.19,3/1/11,3/31/11,NG2
1457365989,426492.12,252763.83,4/1/11,4/30/11,NG2
1457365990,265414.7,161165.1,5/1/11,5/31/11,NG2
1457365991,479519.28,288285.4,6/1/11,6/30/11,NG2
1457365992,499576.05,302658.94,7/1/11,7/31/11,NG2
1457365993,475783.98,289835.15,8/1/11,8/31/11,NG2
1457365994,485943.08,269878.74,9/1/11,9/30/11,NG2
1457365995,459157.46,250286.61,10/1/11,10/31/11,NG2
1457365996,415877.76,217774.92,11/1/11,11/30/11,NG2
1457365997,489176.57,248655.95,12/1/11,12/31/11,NG2
1457365998,415435,198919.38,1/1/12,1/31/12,NG2
1457365999,498288,217361.98,2/1/12,2/29/12,NG2
1457366000,490051.27,201819.72,3/1/12,3/31/12,NG2
1457366001,449004.27,167251.02,4/1/12,4/30/12,NG2
1457366002,171455.31,61057.1,5/1/12,5/31/12,NG2
1457366003,498832.29,197930,6/1/12,6/30/12,NG2
1457443399,532001.93,230309.97,7/1/12,7/31/12,NG2
1457443400,510339.82,233385.19,8/1/12,8/31/12,NG2
1457443401,519115.47,216945.1,9/1/12,9/30/12,NG2
1457443402,459121.88,210381.9,10/1/12,10/31/12,NG2
1457443403,504735.07,253960.55,11/1/12,11/30/12,NG2
1457443404,434312.23,228492.97,12/1/12,12/31/12,NG2
1457443405,392377.75,193117,1/1/13,1/31/13,NG2
1457443406,517806.65,252747.96,2/1/13,2/28/13,NG2
1457443407,537737.09,273780.77,3/1/13,3/31/13,NG2
1457443408,487297.26,275311.2,4/1/13,4/30/13,NG2
1457443409,272849.29,159217.3,5/1/13,5/31/13,NG2
1457443410,312209.02,182998.37,6/1/13,6/30/13,NG2
1457443411,113460.83,64601.86,7/1/13,7/31/13,NG2
1457443412,143450.32,86033.82,8/1/13,8/31/13,NG2
1457443413,430802.02,232665.86,9/1/13,9/30/13,NG2
1457443414,405243.05,208296.84,10/1/13,10/31/13,NG2
1457443415,410285.9,215507.04,11/1/13,11/30/13,NG2
1457443416,433038.58,221920.77,12/1/13,12/31/13,NG2
1457443417,414247.32,205650.81,1/1/14,1/31/14,NG2
1457443418,347554.28,141436.52,2/1/14,2/28/14,NG2
1457443419,190023.82,153454.33,3/1/14,3/31/14,NG2
1457443420,225184.44,158223.05,4/1/14,4/30/14,NG2
1457443421,258503.23,170038,5/1/14,5/31/14,NG2
1457443422,142835.68,86174.96,6/1/14,6/30/14,NG2
1703769400,249893,144412,7/1/14,7/31/14,NG2
1703769401,501440,259806,8/1/14,8/31/14,NG2
1703769402,482727,257522,9/1/14,9/30/14,NG2
1703769403,176926,95657,10/1/14,10/31/14,NG2
1703769404,455076,233972,11/1/14,11/30/14,NG2
1703769405,479755,273363,12/1/14,12/31/14,NG2
1703769406,492070,226325,1/1/15,1/31/15,NG2
1703769407,428778,263491,2/1/15,2/28/15,NG2
1703769408,490202,210955,3/1/15,3/31/15,NG2
1703769409,459288,183646,4/1/15,4/30/15,NG2
1703769410,330555,129959,5/1/15,5/31/15,NG2
1703769411,380060,160738,6/1/15,6/30/15,NG2
4246799790,6131772.7,Not Available,7/1/15,7/31/16,NG2
2389029753,411567.18,163417.68,8/1/16,8/31/16,NG2
2389029754,460189.49,191967.91,9/1/16,9/30/16,NG2
2389029816,434679.29,186906.27,10/1/16,10/31/16,NG2
2389029817,413978.53,169813.04,11/1/16,11/30/16,NG2
2389030488,287658.89,131652.69,12/1/16,12/31/16,NG2
2389032627,0,142.09,1/1/17,1/31/17,NG2
2389033298,0,142.09,2/1/17,2/28/17,NG2
2389033299,266838.64,160040.74,3/1/17,3/31/17,NG2
2389033300,433188.41,195851.85,4/1/17,4/30/17,NG2
2389033301,263437.38,118287.43,5/1/17,5/31/17,NG2
2457863082,392944.1,182101.93,6/1/17,7/1/17,NG2
2389033303,483960.38,216457.5,7/1/17,7/31/17,NG2
2389033860,477804.02,208595.56,8/1/17,8/31/17,NG2
2389035280,399679.21,175038.14,9/1/17,9/30/17,NG2
2389035281,517713.81,225507.99,10/1/17,10/31/17,NG2
2389035282,491519.55,202848.63,11/1/17,11/30/17,NG2
2389037273,521347.32,232423.61,12/1/17,12/31/17,NG2
2389037274,520928.86,214946.97,1/1/18,1/31/18,NG2
2389041141,502442.91,253602.63,2/1/18,2/28/18,NG2
2389041142,248320.63,100133.5,3/1/18,3/14/18,NG2
2490881709,45783.04,18532.49,3/15/18,3/31/18,NG2
2389041143,147043.78,59682,4/1/18,4/30/18,NG2
2389041637,246583.07,103257.92,5/1/18,5/31/18,NG2
2465836689,360620.91,152893.1,6/1/18,6/30/18,NG2
2465844262,517281.11,225427.67,7/1/18,7/31/18,NG2
2467090731,544301.96,227542.68,8/1/18,8/31/18,NG2
2547757558,342926.53,145972.47,9/1/18,9/30/18,NG2
2602813157,0,139.87,10/1/18,10/31/18,NG2
2602949125,418742.77,186876.85,11/1/18,11/30/18,NG2
2603017443,534406.95,322853.33,12/1/18,12/31/18,NG2
2779490168,498671.5,256501.09,1/1/19,1/31/19,NG2
2779490204,507746.48,224148.99,2/1/19,2/28/19,NG2
2801039831,554882.46,236483.51,3/1/19,3/31/19,NG2
2894157783,481426.37,199283.27,4/1/19,4/30/19,NG2
3077604832,267425.71,106761.64,5/1/19,5/31/19,NG2
3077718520,493453.12,201387.08,6/1/19,6/30/19,NG2
3113808273,484323.04,179363.38,7/1/19,7/31/19,NG2
3187421412,576640.46,204738.71,8/1/19,8/31/19,NG2
3289418715,564714.32,208186.15,9/1/19,9/30/19,NG2
3363441956,401612.44,156418.87,10/1/19,10/31/19,NG2
3428320265,338288.86,137588.04,11/1/19,11/30/19,NG2
3697992491,123386.62,48905.02,12/1/19,12/31/19,NG2
3918021442,32999.63,12074.59,1/1/20,1/16/20,NG2
3912161166,302576.48,109934.28,1/17/20,1/31/20,NG2
3890652203,567530.85,191389.1,2/1/20,2/29/20,NG2
4608779845,571544.13,189.28,3/1/20,3/31/20,NG2
4608900653,145928.89,45670.82,4/1/20,4/30/20,NG2
4609100332,0,171.5,5/1/20,5/31/20,NG2
4609146329,0,171.5,6/1/20,6/30/20,NG2
4610756465,0,173.21,7/1/20,7/31/20,NG2
4611213773,0,174.83,8/1/20,8/31/20,NG2
4611289251,195766.32,79289.09,9/1/20,9/30/20,NG2
4611517167,345243.28,122605,10/1/20,10/31/20,NG2
4611643876,406323.35,181366.6,11/1/20,11/30/20,NG2
4611808008,361984.2,158584.43,12/1/20,12/31/20,NG2
4622140515,384892.98,151759.6,1/1/21,1/31/21,NG2
1449641572,0,0,7/1/09,7/31/09,NG3
1449641573,0,0,8/1/09,8/31/09,NG3
1449641574,0,0,9/1/09,9/30/09,NG3
1449641575,17198.94,14576.66,10/1/09,10/31/09,NG3
1449641576,4155.42,4508.84,11/1/09,11/30/09,NG3
1449641577,1550,1731.03,12/1/09,12/31/09,NG3
1449641578,13590.47,17099.17,1/1/10,1/31/10,NG3
1449641579,9587.77,10121,2/1/10,2/28/10,NG3
1449641580,4057.31,4551.77,3/1/10,3/31/10,NG3
1449641581,3022.18,2304.87,4/1/10,4/30/10,NG3
1449641582,3912.88,3140.84,5/1/10,5/31/10,NG3
1449641584,5060.24,3979.95,6/1/10,6/30/10,NG3
1457370455,7048.45,5997.86,7/1/10,7/31/10,NG3
1457370456,6565.07,5662.6,8/1/10,8/31/10,NG3
1457370457,7807.07,5721.57,9/1/10,9/30/10,NG3
1457370458,3851.1,2975.12,10/1/10,10/31/10,NG3
1457370459,3564.46,3329.88,11/1/10,11/30/10,NG3
1457370460,8410,7905.46,12/1/10,12/31/10,NG3
1457370461,8265.84,7999.83,1/1/11,1/31/11,NG3
1457370462,7242.43,7094.72,2/1/11,2/28/11,NG3
1457370463,4917.19,4894.37,3/1/11,3/31/11,NG3
1457370464,3777.38,3037.43,4/1/11,4/30/11,NG3
1457370465,4348.26,3533.89,5/1/11,5/31/11,NG3
1457370466,6400.03,5098.26,6/1/11,6/30/11,NG3
1457370467,9624.61,7637.38,7/1/11,7/31/11,NG3
1457370468,6344.18,5102.73,8/1/11,8/31/11,NG3
1457370469,7524.39,5591.91,9/1/11,9/30/11,NG3
1457370470,4047.74,3030.54,10/1/11,10/31/11,NG3
1457370471,3124.41,3395.27,11/1/11,11/30/11,NG3
1457370472,4225.96,4157.88,12/1/11,12/31/11,NG3
1457370473,7197.32,5931.89,1/1/12,1/31/12,NG3
1457370474,6097.47,4543.6,2/1/12,2/29/12,NG3
1457370475,2510,2191.16,3/1/12,3/31/12,NG3
1457370476,3798.43,2298.79,4/1/12,4/30/12,NG3
1457370477,4721.01,2749.48,5/1/12,5/31/12,NG3
1457370478,7637.48,4702.85,6/1/12,6/30/12,NG3
1457442428,16309,10473.45,7/1/12,7/31/12,NG3
1457442429,50323.44,32567.79,8/1/12,8/31/12,NG3
1457442430,34990.43,21325.43,9/1/12,9/30/12,NG3
1457442431,45918.78,29819.87,10/1/12,10/31/12,NG3
1457442432,14955.16,10773.03,11/1/12,11/30/12,NG3
1457442433,79079.75,55434.45,12/1/12,12/31/12,NG3
1457442434,166119.55,108503.86,1/1/13,1/31/13,NG3
1457442435,84230.55,55842.4,2/1/13,2/28/13,NG3
1457442436,46463.34,31592.69,3/1/13,3/31/13,NG3
1457442437,8897.35,6856.87,4/1/13,4/30/13,NG3
1457442438,26005.19,19522.43,5/1/13,5/31/13,NG3
1457442439,120392,88780.91,6/1/13,6/30/13,NG3
1457442440,120585.06,82991.35,7/1/13,7/31/13,NG3
1457442441,161677.48,104854.62,8/1/13,8/31/13,NG3
1457442442,167524.88,110645.88,9/1/13,9/30/13,NG3
1457442443,95543.66,62030.62,10/1/13,10/31/13,NG3
1457442444,90444.96,58206.98,11/1/13,11/30/13,NG3
1457442445,135330.35,91513.95,12/1/13,12/31/13,NG3
1457442446,125583.33,96351.61,1/1/14,1/31/14,NG3
1457442447,150136.45,133376.91,2/1/14,2/28/14,NG3
1457442448,96244.73,78392.78,3/1/14,3/31/14,NG3
1457442449,119610.32,90612.3,4/1/14,4/30/14,NG3
1457442450,104511.09,81611,5/1/14,5/31/14,NG3
1457442451,118867.35,89627.5,6/1/14,6/30/14,NG3
1703774378,6756,5195,7/1/14,7/31/14,NG3
1703774379,6446,4647,8/1/14,8/31/14,NG3
1703774380,374,371,9/1/14,9/30/14,NG3
1703774381,7740,5586,10/1/14,10/31/14,NG3
1703774382,5049,4645,11/1/14,11/30/14,NG3
1703774383,5576,5351,12/1/14,12/31/14,NG3
1703774384,8074,6554,1/1/15,1/31/15,NG3
1703774385,10316,8113,2/1/15,2/28/15,NG3
1703774386,5687,4848,3/1/15,3/31/15,NG3
1703774387,2895,1710,4/1/15,4/30/15,NG3
1703774388,4509,2581,5/1/15,5/31/15,NG3
1703774389,5522,3239,6/1/15,6/30/15,NG3
4246823782,109739.2,Not Available,7/1/15,11/30/16,NG3
2457862093,6459.48,5274.21,12/1/16,1/3/17,NG3
2418895829,5677,5154.56,1/3/17,2/1/17,NG3
2418895830,5432.94,4479.16,2/1/17,3/3/17,NG3
2418895831,5760.7,4302.97,3/3/17,4/3/17,NG3
2418895832,3333.1,2260.57,4/3/17,5/3/17,NG3
2418895833,3332.1,2224.25,5/3/17,6/2/17,NG3
2418895834,6159.16,4103.03,6/2/17,7/3/17,NG3
2418895835,7432.88,4809.02,7/3/17,8/2/17,NG3
2418895836,6273.62,4015.86,8/2/17,8/31/17,NG3
2418895837,6799.98,4344.1,8/31/17,10/2/17,NG3
2418895838,3662.43,2382.45,10/2/17,10/31/17,NG3
2418895839,3962.03,3292.43,10/31/17,12/1/17,NG3
2418895840,7663.8,6041.13,12/1/17,1/3/18,NG3
2465678876,7088.48,5517.54,1/3/18,2/1/18,NG3
2465682067,5949.21,5203.33,2/1/18,3/5/18,NG3
2465688558,5529.6,4405.83,3/5/18,4/4/18,NG3
2465776761,3890.12,2432.76,4/5/18,5/3/18,NG3
2465815421,5262.96,3323.48,5/4/18,6/4/18,NG3
2465836730,5863.02,3728.12,6/4/18,7/3/18,NG3
2467091431,7187.07,4621.2,7/3/18,8/2/18,NG3
2467091154,7245.44,4529.89,8/2/18,8/31/18,NG3
2547759601,6829.91,4335.77,9/1/18,10/2/18,NG3
2602816762,3870.66,2548.53,10/2/18,10/31/18,NG3
2602952763,4665.6,4036.1,10/31/18,12/3/18,NG3
2603019091,4798.23,4675.5,12/3/18,1/3/19,NG3
2662514895,7138.42,5915.42,1/3/19,2/1/19,NG3
2742710370,7385.51,5646.65,2/2/19,3/5/19,NG3
2801040055,4698.27,3912.19,3/6/19,4/3/19,NG3
2894157837,2990.1,1889.79,4/4/19,5/3/19,NG3
3077611237,3975.29,2414.82,5/4/19,6/4/19,NG3
3077728851,5515.51,3317.92,6/5/19,7/2/19,NG3
3113808480,7349.52,4094.04,7/3/19,8/2/19,NG3
3187425408,10915.76,5849.1,8/3/19,8/30/19,NG3
3289420064,10562.9,5841.27,8/31/19,10/1/19,NG3
3363441964,3756.65,2242.38,10/2/19,10/30/19,NG3
3428322803,5146.95,4087.17,10/31/19,12/3/19,NG3
3697911841,5682,4340.63,12/4/19,1/2/20,NG3
3890660581,5229.17,3924.04,1/3/20,1/31/20,NG3
3890652777,6185.42,4049.9,2/1/20,3/3/20,NG3
4608788266,3059.13,2480.55,3/3/20,4/2/20,NG3
4608904275,2223.82,1207.77,4/2/20,5/1/20,NG3
4609101334,2438.39,1338.88,5/1/20,6/3/20,NG3
4609148364,5507.33,2777.09,6/3/20,7/2/20,NG3
4610759928,7887.51,3702.51,7/2/20,7/31/20,NG3
4611217738,7940.06,4059.69,7/31/20,9/1/20,NG3
4611291051,5304.34,3156.59,9/1/20,9/30/20,NG3
4611518558,1321.38,834.52,9/30/20,10/30/20,NG3
4611645940,4136.45,3488.53,10/30/20,12/1/20,NG3
4611811611,6510.75,4923.47,12/1/20,12/31/20,NG3
4622141303,5966.1,4342.67,12/31/20,2/2/21,NG3
2457907572,634.12,592.79,12/1/16,1/3/17,NG4
2458133153,2454.65,2584.73,1/3/17,2/1/17,NG4
2458094408,955.78,924.48,2/1/17,3/3/17,NG4
2458155841,3916.1,3625.84,3/3/17,4/3/17,NG4
2464653774,1955.95,1716.69,4/3/17,5/3/17,NG4
2465386734,1099.84,958.94,5/3/17,6/2/17,NG4
2465388957,62.78,67.3,6/2/17,7/3/17,NG4
2465395260,1273.1,1105.45,7/3/17,8/2/17,NG4
2465458115,36.55,43.42,8/2/17,8/31/17,NG4
2465534922,2390.6,2043.66,8/31/17,10/2/17,NG4
2465544294,1613.56,1379.4,10/2/17,10/31/17,NG4
2465550100,1599.91,1421.32,10/31/17,12/1/17,NG4
2465559397,1191.75,1061.97,12/1/17,1/3/18,NG4
2465681071,3028.47,2794.82,1/3/18,2/1/18,NG4
2465688013,1356.39,1299.64,2/1/18,3/5/18,NG4
2465833201,2299.7,1934.3,3/5/18,6/4/18,NG4
2465837308,273.11,241.12,6/4/18,7/3/18,NG4
2466063100,452.38,396.27,7/3/18,8/2/18,NG4
2467085587,855.78,723.78,8/2/18,8/31/18,NG4
2547724958,1497.41,1270.18,9/1/18,10/2/18,NG4
2602747855,1683.67,1446.29,10/2/18,10/31/18,NG4
2602824262,1553.46,1388.18,10/31/18,12/3/18,NG4
2602981804,1077.8,1107.08,12/3/18,1/3/19,NG4
2742621482,2498.29,2318.57,1/4/19,3/5/19,NG4
2801030076,1309.29,1155.12,3/6/19,4/3/19,NG4
2894113902,754.63,626.66,4/4/19,5/3/19,NG4
3077564500,2278.34,1828.75,5/4/19,6/4/19,NG4
3077618886,502.83,417.69,6/5/19,7/2/19,NG4
3113803840,660.45,518.4,7/3/19,8/2/19,NG4
3187401279,751.23,576.05,8/3/19,8/30/19,NG4
3289355086,1944.64,1499.43,8/31/19,10/1/19,NG4
3363316712,1843.34,1550.03,10/2/19,10/30/19,NG4
3428273661,1739.3,1480.74,10/31/19,12/2/19,NG4
3697881056,1079.89,886.7,12/3/19,1/2/20,NG4
3697945045,697.5,552.65,1/3/20,1/31/20,NG4
3890588665,1978.2,1548.26,2/1/20,3/3/20,NG4
4608729549,854.25,637.98,3/3/20,4/2/20,NG4
4608834305,194.33,153.86,4/2/20,5/1/20,NG4
4609083412,221.01,175.32,5/1/20,6/3/20,NG4
4609111189,195.87,154.91,6/3/20,7/2/20,NG4
4610704634,195.49,149.76,7/2/20,7/31/20,NG4
4611139919,221.2,176.94,7/31/20,9/1/20,NG4
4611252474,198.63,175.33,9/1/20,9/30/20,NG4
4611414113,202.81,168.66,9/30/20,10/30/20,NG4
4611562775,216.61,199.06,10/30/20,12/1/20,NG4
4611733188,185.21,173.53,12/1/20,12/31/20,NG4
4622122079,1026.47,909.5,12/31/20,2/2/21,NG4
2458135735,139.36,152.12,12/1/16,2/1/17,NG5
2458146201,233.43,236.31,2/1/17,3/3/17,NG5
2458155816,184.88,174.63,3/3/17,4/3/17,NG5
2464653755,180.68,169.81,4/3/17,5/3/17,NG5
2465383508,97.79,96.56,5/3/17,6/2/17,NG5
2465383630,25.11,34.35,6/2/17,7/3/17,NG5
2465395812,28.2,36.6,7/3/17,8/2/17,NG5
2465457563,36.55,43.42,8/2/17,8/31/17,NG5
2465533736,180.68,165.95,8/31/17,10/2/17,NG5
2465543488,167.43,154.28,10/2/17,10/31/17,NG5
2465550064,177.19,172.71,10/31/17,12/1/17,NG5
2465558727,134.86,136.07,12/1/17,1/3/18,NG5
2465681050,80.89,82.84,1/3/18,2/1/18,NG5
2465688010,212.4,223.86,2/1/18,3/5/18,NG5
2465688667,138.66,135.38,3/5/18,4/4/18,NG5
2465776810,173.87,154.22,4/4/18,5/3/18,NG5
2465830811,82.91,81.03,5/3/18,6/3/18,NG5
2465837346,19.88,28.71,6/4/18,7/3/18,NG5
2466063075,19.81,28.83,7/3/18,8/2/18,NG5
2467085628,38.57,44.1,8/2/18,8/31/18,NG5
2547726459,183.12,165.86,9/1/18,10/2/18,NG5
2602750955,176.84,162.68,10/2/18,10/31/18,NG5
2602826489,176.67,173.93,10/31/18,12/3/18,NG5
2602982984,109.98,127.97,12/3/18,1/3/19,NG5
2662469735,46.27,57.59,1/3/19,2/1/19,NG5
2742629247,203.99,201.16,2/1/19,3/5/19,NG5
2801031783,133.67,133.25,3/6/19,4/3/19,NG5
2894132935,156.82,142.47,4/4/19,5/3/19,NG5
3077565276,103.9,98.18,5/4/19,6/4/19,NG5
3077628142,20.91,32.16,6/5/19,7/2/19,NG5
3113808896,20.87,31.34,7/3/19,8/2/19,NG5
3187402075,34.43,41.15,8/3/19,8/30/19,NG5
3289355127,162.92,139.8,8/31/19,10/1/19,NG5
3363321286,151.44,143.57,10/2/19,10/30/19,NG5
3428274614,178.42,170.15,10/31/19,12/2/19,NG5
3697881206,107.78,106.65,12/3/19,1/2/20,NG5
3697945459,51.47,55.79,1/3/20,1/31/20,NG5
3890589527,203.59,177.84,2/1/20,3/3/20,NG5
4608730882,83.96,79.52,3/3/20,4/2/20,NG5
4608835031,34.67,40.77,4/2/20,5/1/20,NG5
4609083453,30.38,38.06,5/1/20,6/3/20,NG5
4609112224,49.23,51.04,6/3/20,7/2/20,NG5
4610707421,96.18,82.04,7/2/20,7/31/20,NG5
4611143327,93.9,84.71,7/31/20,9/1/20,NG5
4611255701,26.14,37.54,9/1/20,9/30/20,NG5
4611416555,29.27,38.6,9/30/20,10/30/20,NG5
4611564985,34.53,45.75,10/30/20,12/1/20,NG5
4611736096,43.95,54.29,12/1/20,12/31/20,NG5
4622122832,68.08,71.79,12/31/20,2/2/21,NG5
2457924395,686.33,695.83,12/1/16,1/3/17,NG6
2458136353,1975.98,2119.02,1/3/17,2/1/17,NG6
2458147013,929.2,944.06,2/1/17,3/3/17,NG6
2458155797,1409.1,1329.47,3/3/17,4/3/17,NG6
2464653443,229.66,212.51,4/3/17,5/3/17,NG6
2465382536,158.99,149.22,5/3/17,6/2/17,NG6
2465382791,0,12.39,6/2/17,7/3/17,NG6
2465395874,6.4,17.88,7/3/17,8/2/17,NG6
2465457131,4.27,16.01,8/2/17,8/31/17,NG6
2465533485,16.01,26.04,8/31/17,10/2/17,NG6
2465543259,119.73,113.87,10/2/17,10/31/17,NG6
2465550029,618.04,597.71,10/31/17,12/1/17,NG6
2465558066,2083.7,2051.96,12/1/17,1/3/18,NG6
2465681008,1836.23,1761.48,1/3/18,2/1/18,NG6
2465687925,1171.98,1218.74,2/1/18,3/5/18,NG6
2465688699,939.04,892.41,3/5/18,4/4/18,NG6
2465776925,397,337.15,4/4/18,5/3/18,NG6
2465830771,130.8,120.91,5/3/18,6/4/18,NG6
2465837378,4.28,15.63,6/4/18,7/3/18,NG6
2466050870,29.82,37.36,7/3/18,8/2/18,NG6
2547730767,54.42,69.59,8/2/18,10/2/18,NG6
2602755005,337.82,299.81,10/2/18,10/31/18,NG6
2602830604,930.24,892.67,10/31/18,12/3/18,NG6
2602985023,1105.4,1224.63,12/3/18,1/3/19,NG6
2662469978,1837.99,1896.68,1/3/19,2/1/19,NG6
2742637781,972.17,935.63,2/1/19,3/5/19,NG6
2801032297,765.58,728.59,3/6/19,4/3/19,NG6
2894141326,273.12,236.66,4/4/19,5/3/19,NG6
3077566004,149.03,134.17,5/4/19,6/4/19,NG6
3077631851,9.61,23.13,6/5/19,7/3/19,NG6
3113803862,5.33,19.51,7/4/19,8/2/19,NG6
3187402980,3.2,17.86,8/3/19,9/3/19,NG6
3289355785,11.74,24.46,9/4/19,10/2/19,NG6
3363331785,338.23,312.73,10/3/19,10/31/19,NG6
3428278614,289.94,275.99,11/1/19,12/3/19,NG6
3697882014,624.33,572.45,12/4/19,1/3/20,NG6
3697946810,589.18,521.43,1/4/20,2/3/20,NG6
3890589836,454.59,389.86,2/4/20,3/4/20,NG6
4608731102,293.77,256.81,3/4/20,4/2/20,NG6
4608837454,144.88,131.8,4/2/20,5/4/20,NG6
4609084799,80.26,80.82,5/4/20,6/3/20,NG6
4609112619,2.14,17.7,6/3/20,7/2/20,NG6
4610710831,25.63,34.08,7/2/20,8/3/20,NG6
4611149190,1.07,17.52,8/3/20,9/1/20,NG6
4611257038,74.76,76.23,9/1/20,10/1/20,NG6
4611419817,106.8,104.21,10/1/20,10/30/20,NG6
4611565891,290.78,285.48,10/30/20,12/2/20,NG6
4611737809,664.95,629.42,12/2/20,1/4/21,NG6
4622123663,550.02,503.5,1/4/21,2/4/21,NG6
2457925023,7.33,18.68,12/1/16,1/3/17,NG7
2458136487,6.3,18.33,1/3/17,2/1/17,NG7
2458147732,8.41,19.88,2/1/17,3/3/17,NG7
2458155714,1.05,13.31,3/3/17,4/3/17,NG7
2464653427,95.59,95.66,4/3/17,5/3/17,NG7
2465381719,2.1,14.22,5/3/17,6/2/17,NG7
2465382001,0,12.39,6/2/17,7/3/17,NG7
2465397123,9.4,20.46,7/3/17,8/2/17,NG7
2465457006,1.04,13.28,8/2/17,8/31/17,NG7
2465532276,1.04,13.33,8/31/17,10/2/17,NG7
2465542800,2.09,14.21,10/2/17,10/31/17,NG7
2465549995,0,12.44,10/31/17,12/1/17,NG7
2465558019,1.05,13.38,12/1/17,1/3/18,NG7
2465680953,4.2,16.81,1/3/18,2/1/18,NG7
2465687852,52.57,66.81,2/1/18,3/5/18,NG7
2465688715,5.25,17.5,3/5/18,4/4/18,NG7
2465778114,10.47,20.63,4/4/18,5/3/18,NG7
2465828743,2.1,13.78,5/3/18,6/4/18,NG7
2465837415,55.46,58.55,6/4/18,7/3/18,NG7
2466047806,8.34,19.11,7/3/18,8/2/18,NG7
2467086460,20.85,29.37,8/2/18,8/31/18,NG7
2547734501,92.08,89.42,9/1/18,10/2/18,NG7
2602762839,19.88,28.97,10/2/18,10/31/18,NG7
2602833100,2.09,16.83,10/31/18,12/3/18,NG7
2602987440,1.05,15.95,12/3/18,1/3/19,NG7
2662471637,4.21,19.22,1/3/19,2/1/19,NG7
2742639641,9.46,23.37,2/1/19,3/5/19,NG7
2801032845,13.68,26.7,3/6/19,4/3/19,NG7
2894144358,3.16,18.01,4/3/19,5/3/19,NG7
3077566549,2.1,17.13,5/4/19,6/4/19,NG7
3077636141,21.95,32.96,6/5/19,7/3/19,NG7
3113804210,18.78,29.75,7/4/19,8/2/19,NG7
3187404363,2.09,59.9,8/3/19,11/22/19,NG7
3428284076,0,5.82,11/23/19,12/3/19,NG7
3890665874,1.05,17,12/4/19,1/3/20,NG7
3697947689,5.25,20.19,1/4/20,2/3/20,NG7
3890590792,17.84,29.94,2/4/20,3/4/20,NG7
4608732217,13.64,26.49,3/4/20,4/2/20,NG7
4608839913,9.45,22.92,4/2/20,5/4/20,NG7
4609084501,2.1,17.71,5/4/20,6/3/20,NG7
4609113591,8.38,22.13,6/3/20,7/2/20,NG7
4610714093,12.55,25.1,7/2/20,8/3/20,NG7
4611155176,8.35,22.77,8/3/20,9/1/20,NG7
4611260106,7.32,22.46,9/1/20,10/1/20,NG7
4611446204,6.27,21.36,10/1/20,10/30/20,NG7
4611568659,0,16.7,10/30/20,12/2/20,NG7
4611761467,1.05,17.5,12/2/20,1/4/21,NG7
4622124792,5.24,21.42,1/4/21,2/2/21,NG7
3918521546,1737.04,1701.57,12/1/16,1/3/17,NG8
3918521547,2494.53,2505.26,1/3/17,2/1/17,NG8
3918521548,2192.31,2110.48,2/1/17,3/3/17,NG8
3918521549,2683.92,2306.53,3/3/17,4/3/17,NG8
3918521550,1069.36,801.09,4/3/17,5/3/17,NG8
3918521551,964.2,722.81,5/3/17,6/2/17,NG8
3918521552,758.65,602.14,6/2/17,7/3/17,NG8
3918521553,960.83,718.68,7/3/17,8/2/17,NG8
3918521554,1070.49,777.84,8/2/17,8/31/17,NG8
3918521555,1196.86,856.51,8/31/17,10/2/17,NG8
3918521556,1196.04,853.16,10/2/17,10/31/17,NG8
3918521557,1960.57,1788.04,10/31/17,12/1/17,NG8
3918521558,3492.67,3064.33,12/1/17,1/3/18,NG8
3918521559,3151.37,2740.08,1/3/18,2/1/18,NG8
3918521560,2385.78,2362.38,2/1/18,3/5/18,NG8
3918521561,2047.34,1909.54,3/5/18,4/4/18,NG8
3918521562,1299.85,885.32,4/4/18,5/3/18,NG8
3918521563,964.44,697.79,5/3/18,6/4/18,NG8
3918521564,885.26,655.02,6/4/18,7/3/18,NG8
3918521565,872.46,656.27,7/3/18,8/2/18,NG8
3918521566,986.07,710.42,8/2/18,8/31/18,NG8
3918521567,1406.37,978.92,9/1/18,10/2/18,NG8
3918521568,1523.57,1069.12,10/2/18,10/31/18,NG8
3918521569,2613.49,2376,10/31/18,12/3/18,NG8
3918521570,2697.11,2784.02,12/3/18,1/3/19,NG8
3918521571,3178.59,2948.74,1/3/19,2/1/19,NG8
3918521572,3205.93,2756.03,2/2/19,3/5/19,NG8
3918521573,2235.47,2030.96,3/6/19,4/3/19,NG8
3918521574,1360.86,932.98,4/3/19,5/3/19,NG8
3918521575,1186.92,814.69,5/4/19,6/4/19,NG8
3918521576,905.31,656.71,6/5/19,7/2/19,NG8
3918521577,842,587.98,7/3/19,8/2/19,NG8
3918521578,857.65,583.29,8/3/19,8/30/19,NG8
3918521579,1220.89,793.55,8/31/19,10/1/19,NG8
3918521580,1261.61,875.37,10/2/19,10/30/19,NG8
3918521581,2222.38,1954.92,10/31/19,12/2/19,NG8
3918521582,2560.56,2160.46,12/3/19,1/3/20,NG8
3918521583,2266.88,1911.15,1/4/20,1/31/20,NG8
3918521584,2254.21,1726.46,2/1/20,3/3/20,NG8
4608747331,1642.38,1365.9,3/3/20,4/2/20,NG8
4608841756,1456.98,889.93,4/2/20,5/1/20,NG8
4609086416,1636.07,1000.65,5/1/20,6/3/20,NG8
4609115902,1108.17,674,6/3/20,7/2/20,NG8
4610720865,760,490.03,7/2/20,7/31/20,NG8
4611168236,1156.06,720.21,7/31/20,9/1/20,NG8
4611266805,1593.18,1053.81,9/1/20,9/30/20,NG8
4611482020,1925.62,1216.97,9/30/20,10/30/20,NG8
4611589002,2182.81,1906.21,10/30/20,12/1/20,NG8
4611771054,3110.97,2553.12,12/1/20,12/31/20,NG8
4622126266,2946.39,2295.58,12/31/20,2/2/21,NG8
2457940160,1737.04,1701.57,12/1/16,1/3/17,NG8
2458132830,2494.53,2505.26,1/3/17,2/1/17,NG8
2458148032,2192.31,2110.48,2/1/17,3/3/17,NG8
2458155586,2683.92,2306.53,3/3/17,4/3/17,NG8
2464653372,1069.36,801.09,4/3/17,5/3/17,NG8
2465377157,964.2,722.81,5/3/17,6/2/17,NG8
2465380614,758.65,602.14,6/2/17,7/3/17,NG8
2465398377,960.83,718.68,7/3/17,8/2/17,NG8
2465456509,1070.49,777.84,8/2/17,8/31/17,NG8
2465530493,1196.86,856.51,8/31/17,10/2/17,NG8
2465540111,1196.04,853.16,10/2/17,10/31/17,NG8
2465549568,1960.57,1788.04,10/31/17,12/1/17,NG8
2465556905,3492.67,3064.33,12/1/17,1/3/18,NG8
2465680788,3151.37,2740.08,1/3/18,2/1/18,NG8
2465686730,2385.78,2362.38,2/1/18,3/5/18,NG8
2465772449,2047.34,1909.54,3/5/18,4/4/18,NG8
2465778146,1299.85,885.32,4/4/18,5/3/18,NG8
2465836640,964.44,697.79,5/3/18,6/4/18,NG8
2465837831,885.26,655.02,6/4/18,7/3/18,NG8
2466046756,872.46,656.27,7/3/18,8/2/18,NG8
2467087350,986.07,710.42,8/2/18,8/31/18,NG8
2547741571,1406.37,978.92,9/1/18,10/2/18,NG8
2602773320,1523.57,1069.12,10/2/18,10/31/18,NG8
2602847505,2613.49,2376,10/31/18,12/3/18,NG8
2602994820,2697.11,2784.02,12/3/18,1/3/19,NG8
2662478452,3178.59,2948.74,1/3/19,2/1/19,NG8
2742665695,3205.93,2756.03,2/2/19,3/5/19,NG8
2801034317,2235.47,2030.96,3/6/19,4/3/19,NG8
2894154468,1360.86,932.98,4/3/19,5/3/19,NG8
3077568970,1186.92,814.69,5/4/19,6/4/19,NG8
3077670859,905.31,656.71,6/5/19,7/2/19,NG8
3113805283,842,587.98,7/3/19,8/2/19,NG8
3187407179,857.65,583.29,8/3/19,8/30/19,NG8
3289409050,1220.89,793.55,8/31/19,10/1/19,NG8
3363399031,1261.61,875.37,10/2/19,10/30/19,NG8
3428291926,2222.38,1954.92,10/31/19,12/2/19,NG8
3697902908,2560.56,2160.46,12/3/19,1/3/20,NG8
3697985225,2266.88,1911.15,1/4/20,1/31/20,NG8
3890604122,2254.21,1726.46,2/1/20,3/3/20,NG8
2457961065,153.82,148.74,12/1/16,1/3/17,NG9
2458105300,177.36,186.75,1/3/17,2/1/17,NG9
2458148086,220.81,218.65,2/1/17,3/3/17,NG9
2458155280,190.13,174.43,3/3/17,4/3/17,NG9
2464653366,171.22,161.58,4/3/17,5/3/17,NG9
2465375053,121.97,117.37,5/3/17,6/2/17,NG9
2465375151,80.57,82.86,6/2/17,7/3/17,NG9
2465398881,85.64,85.91,7/3/17,8/2/17,NG9
2465455954,76.24,77.12,8/2/17,8/31/17,NG9
2465528457,193.21,176.58,8/31/17,10/2/17,NG9
2465539705,178.94,164.03,10/2/17,10/31/17,NG9
2465549466,199.2,188.8,10/31/17,12/1/17,NG9
2465556249,178.76,174.18,12/1/17,1/3/18,NG9
2465680757,121.85,117.4,1/3/18,2/1/18,NG9
2465685450,239.74,246.88,2/1/18,3/5/18,NG9
2465773389,171.22,161.28,3/5/18,4/4/18,NG9
2465778156,195.87,172.44,4/4/18,5/3/18,NG9
2465836665,131.18,121.23,5/3/18,6/4/18,NG9
2465837882,80.57,79.62,6/4/18,7/3/18,NG9
2466046739,88.6,87.28,7/3/18,8/2/18,NG9
2467087489,103.19,97.86,8/2/18,8/31/18,NG9
2547742114,146.5,135.16,9/1/18,10/2/18,NG9
2602775335,178.94,164.46,10/2/18,10/31/18,NG9
2602849426,193.4,184.96,10/31/18,12/3/18,NG9
2602995854,150.83,168.16,12/3/18,1/3/19,NG9
2662482238,121.97,129.01,1/3/19,2/1/19,NG9
2742672180,200.83,193.45,2/2/19,3/5/19,NG9
2801034460,150.51,144.67,3/6/19,4/3/19,NG9
2894154986,170.5,153.54,4/4/19,5/3/19,NG9
3077569295,139.58,126.63,5/4/19,6/4/19,NG9
3077679325,77.36,77.23,6/5/19,7/3/19,NG9
3113805387,84.26,78.22,7/4/19,8/2/19,NG9
3187408113,129.38,112.21,8/3/19,9/3/19,NG9
3289409235,82.51,78.57,9/4/19,10/2/19,NG9
3363399314,156.66,145.21,10/3/19,10/31/19,NG9
3428294582,193.02,179.97,11/1/19,12/3/19,NG9
3697904425,128.71,122.05,12/4/19,1/3/20,NG9
3697986014,105.05,97.42,1/4/20,2/3/20,NG9
3890640682,207.79,178.63,2/4/20,3/4/20,NG9
4608748947,114.39,101.75,3/4/20,4/2/20,NG9
4608842796,75.63,69.86,4/2/20,5/4/20,NG9
4609085962,64.94,62.95,5/4/20,6/3/20,NG9
4609117790,149.78,122.27,6/3/20,7/2/20,NG9
4610721905,168.31,131.93,7/2/20,8/3/20,NG9
4611169701,88.69,80.95,8/3/20,9/1/20,NG9
4611267785,111.86,105.81,9/1/20,10/1/20,NG9
4611499452,114.99,102.85,10/1/20,10/30/20,NG9
4611775749,40.81,68.19,10/30/20,1/4/21,NG9
4622126783,98.46,96.21,1/4/21,2/2/21,NG9